;MAT;SALDO;CREDITO;DEBITO;PAGAR;BANCO
jan/26;399;0;0;0;0;0
jan/26;409;0;0;0;0;0
jan/26;422;0;0;0;0;0
jan/26;624;0;0;0;0;0
jan/26;657;0;0;0;0;0
jan/26;802;0;0,433333333;1,75;0,216666667;-1,533333333
jan/26;1028;0,708333333;7,116666667;9,066666667;3,558333333;-4,8
jan/26;1054;12,5;26;0;25,5;13
jan/26;1091;0;0;0;0;0
jan/26;1227;0,125;0;0;0,125;0
jan/26;1274;0;0,466666667;4,033333333;0,233333333;-3,8
jan/26;1352;0;17,21666667;4;8,608333333;4,608333333
jan/26;1461;0,716666667;5,15;4,733333333;2,575;-1,441666667
jan/26;1489;16,61666667;39,28333333;0;36,25833333;19,64166667
jan/26;1540;0;2,883333333;4,616666667;1,441666667;-3,175
jan/26;1579;0;0;0;0;0
jan/26;1580;14,28333333;34,26666667;0,283333333;31,13333333;17,13333333
jan/26;1842;9,366666667;21,6;0;20,16666667;10,8
jan/26;2113;12,78333333;25,61666667;1,95;23,64166667;12,80833333
jan/26;2133;0;0;0;0;0
jan/26;2240;0;0;0,283333333;0;-0,283333333
jan/26;2249;15,34166667;32,25;2,816666667;28,65;16,125
jan/26;2401;0;0,583333333;0,183333333;0,291666667;0,108333333
jan/26;2406;0;0;1,4;0;-1,4
jan/26;2456;15,95;34,2;0;33,05;17,1
jan/26;2571;0;0;0;0;0
jan/26;2602;0;0;0;0;0
jan/26;2619;0;0,633333333;5,033333333;0,316666667;-4,716666667
jan/26;2649;0;0;0;0;0
jan/26;2662;0;0;1,616666667;0;-1,616666667
jan/26;2687;0;0;0;0;0
jan/26;2693;0;6,016666667;5,75;3,008333333;-2,741666667
jan/26;2697;0;0;0;0;0
jan/26;2704;0;0;0;0;0
jan/26;2731;0;0;1,266666667;0;-1,266666667
jan/26;2733;0;0;0;0;0
jan/26;2739;0;0;0;0;0
jan/26;2743;0;0;0;0;0
jan/26;2754;0;0;0;0;0
jan/26;2755;0;0;0;0;0
jan/26;2762;0;1,133333333;0,75;0,566666667;-0,183333333
jan/26;2796;0;4,3;0,2;2,15;1,95
jan/26;2823;0;0;0;0;0
jan/26;2837;0;0;2,516666667;0;-2,516666667
jan/26;2857;5,808333333;31,68333333;3,25;18,4;15,84166667
jan/26;2883;18,51666667;35,06666667;1,283333333;34,76666667;17,53333333
jan/26;2926;0;0;0;0;0
jan/26;2931;3,666666667;4,083333333;5,116666667;2,041666667;0,591666667
jan/26;2975;12,36666667;27,6;0;26,16666667;13,8
jan/26;2990;0;0;0;0;0
jan/26;2991;0;2,683333333;2,883333333;1,341666667;-1,541666667
jan/26;3005;0;3,816666667;5,166666667;1,908333333;-3,258333333
jan/26;3022;0;2,9;0,2;1,45;1,25
jan/26;3033;0;1,533333333;2,516666667;0,766666667;-1,75
jan/26;3037;0;0;0;0;0
jan/26;3038;0;0;2;0;-2
jan/26;3039;0;0;0;0;0
jan/26;3040;0;0;3,883333333;0;-3,883333333
jan/26;3106;0;0;4;0;-4
jan/26;3107;3;10,45;5,033333333;5,225;3,191666667
jan/26;3178;2,333333333;3,1;0;3,883333333;1,55
jan/26;3208;2,183333333;13,63333333;0;9;6,816666667
jan/26;3233;6,775;7,933333333;0;10,74166667;3,966666667
jan/26;3238;6,541666667;18,73333333;2,3;13,60833333;9,366666667
jan/26;3240;0;1,066666667;0;0,533333333;0,533333333
jan/26;3254;0;0;3,333333333;0;-3,333333333
jan/26;3256;0;4,316666667;2,983333333;2,158333333;-0,825
jan/26;3261;2,416666667;14,38333333;1,166666667;8,441666667;7,191666667
jan/26;3265;0;0;4,816666667;0;-4,816666667
jan/26;3266;0;0;0;0;0
jan/26;3274;6,158333333;15,33333333;10,5;7,666666667;3,325
jan/26;3278;0;0;0;0;0
jan/26;3280;6,7;26,2;2,816666667;16,98333333;13,1
jan/26;3325;1,483333333;7,983333333;0,183333333;5,291666667;3,991666667
jan/26;3328;0;0,216666667;1,616666667;0,108333333;-1,508333333
jan/26;3330;3,725;3,883333333;0;5,666666667;1,941666667
jan/26;3335;0;0;3,116666667;0;-3,116666667
jan/26;3345;0;0;0;0;0
jan/26;3346;0;0,583333333;2,016666667;0,291666667;-1,725
jan/26;3351;0;0;0;0;0
jan/26;3353;9,525;3,566666667;2,45;8,858333333;1,783333333
jan/26;3374;0,716666667;2,916666667;1,2;1,458333333;0,975
jan/26;3377;0;19;8,433333333;9,5;1,066666667
jan/26;3385;12,68333333;24,31666667;0;24,84166667;12,15833333
jan/26;3386;12,50833333;26,16666667;0;25,59166667;13,08333333
jan/26;3387;16,73333333;10,35;9,533333333;12,375;5,175
jan/26;3392;0;1,166666667;5,933333333;0,583333333;-5,35
jan/26;3397;0;0;0;0;0
jan/26;3401;5,575;14,9;0,316666667;12,70833333;7,45
jan/26;3403;0;12,8;4,65;6,4;1,75
jan/26;3405;0;10,8;1,55;5,4;3,85
jan/26;3409;7,025;4,75;0;9,4;2,375
jan/26;3417;;0;0;0;0
jan/26;3418;0;0,666666667;0;0,333333333;0,333333333
jan/26;3419;5,216666667;1,183333333;0;5,808333333;0,591666667
jan/26;3435;0;0,183333333;7,183333333;0,091666667;-7,091666667
jan/26;3437;0;0;14,48333333;0;-14,48333333
jan/26;3441;1,525;16,06666667;0;9,558333333;8,033333333
jan/26;3443;3,35;5,016666667;0,2;5,658333333;2,508333333
jan/26;3454;0;0;0;0;0
jan/26;3460;0;0;0;0;0
jan/26;3462;0;0;11,01666667;0;-11,01666667
jan/26;3465;0;0,216666667;12,43333333;0,108333333;-12,325
jan/26;3466;0;3,583333333;12,18333333;1,791666667;-10,39166667
jan/26;3469;0;3,733333333;8,916666667;1,866666667;-7,05
jan/26;3470;0;0,966666667;9,6;0,483333333;-9,116666667
jan/26;3472;19,75;42,5;0;41;21,25
jan/26;3475;0;0;4,55;0;-4,55
jan/26;3476;0;0;4,483333333;0;-4,483333333
jan/26;3477;0;0;5,316666667;0;-5,316666667
jan/26;3478;0;0;0,6;0;-0,6
jan/26;3479;0,641666667;6,283333333;5,8;3,141666667;-2,016666667
jan/26;3480;8,566666667;30,38333333;0;23,75833333;15,19166667
jan/26;3482;0;0;0,433333333;0;-0,433333333
jan/26;3483;0;0;0;0;0
jan/26;3484;0;2,45;7,083333333;1,225;-5,858333333
jan/26;3485;1,858333333;3,8;3,95;1,9;-0,191666667
jan/26;3490;0;0;3,4;0;-3,4
jan/26;3491;0;0,183333333;5,616666667;0,091666667;-5,525
jan/26;3492;0;1,4;0;0,7;0,7
jan/26;3493;9,041666667;17,1;0,333333333;17,25833333;8,55
jan/26;3494;0;0;2,8;0;-2,8
jan/26;3495;0;0;2,466666667;0;-2,466666667
jan/26;3497;2,116666667;12,76666667;0;8,5;6,383333333
jan/26;3500;0;0;2,1;0;-2,1
jan/26;3502;1,966666667;8,316666667;1,05;5,075;4,158333333
fev/26;185;0;0;0;0;0
fev/26;208;0;0;0;0;0
fev/26;399;0;0;0;0;0
fev/26;409;0;0;0;0;0
fev/26;422;0;0;0;0;0
fev/26;531;0;0;0;0;0
fev/26;657;0;0;0;0;0
fev/26;802;-1,533333333;1,3;1,016666667;0,65;-1,9
fev/26;865;0;0;0;0;0
fev/26;1028;-4,8;6;2,15;3;-3,95
fev/26;1054;13;25,03333333;0;25,51666667;12,51666667
fev/26;1091;0;0;0;0;0
fev/26;1227;0;0;0;0;0
fev/26;1274;-3,8;0;5,95;0;-9,75
fev/26;1286;0;0;0;0;0
fev/26;1352;4,608333333;12,23333333;9,516666667;6,116666667;1,208333333
fev/26;1461;-1,441666667;10,55;0,716666667;5,275;3,116666667
fev/26;1489;19,64166667;36;0;37,64166667;18
fev/26;1540;-3,175;2,9;7,083333333;1,45;-8,808333333
fev/26;1579;0;0;0;0;0
fev/26;1580;17,13333333;43,98333333;3,566666667;35,55833333;21,99166667
fev/26;1842;10,8;22,03333333;0;21,81666667;11,01666667
fev/26;2113;12,80833333;24,5;0;25,05833333;12,25
fev/26;2120;0;0;0;0;0
fev/26;2133;0;0;0;0;0
fev/26;2240;-0,283333333;0;0;0;-0,283333333
fev/26;2249;16,125;32,38333333;0,216666667;32,1;16,19166667
fev/26;2316;0;0;0;0;0
fev/26;2339;0;0;0;0;0
fev/26;2401;0,108333333;0,75;0,183333333;0,375;0,3
fev/26;2406;-1,4;0;1,383333333;0;-2,783333333
fev/26;2427;0;0,366666667;0;0,183333333;0,183333333
fev/26;2456;17,1;35,15;0;34,675;17,575
fev/26;2571;0;0;0;0;0
fev/26;2602;0;0;0,25;0;-0,25
fev/26;2619;-4,716666667;0;6,383333333;0;-11,1
fev/26;2649;0;0;0;0;0
fev/26;2662;-1,616666667;1,066666667;2,716666667;0,533333333;-3,8
fev/26;2687;0;0;0;0;0
fev/26;2693;-2,741666667;1;12,98333333;0,5;-15,225
fev/26;2697;0;0;0;0;0
fev/26;2704;0;0;0;0;0
fev/26;2731;-1,266666667;0;0,616666667;0;-1,883333333
fev/26;2733;0;0;0;0;0
fev/26;2739;0;0;0;0;0
fev/26;2743;0;0;0;0;0
fev/26;2754;0;0;0;0;0
fev/26;2755;0;0;0;0;0
fev/26;2762;-0,183333333;0;0;0;-0,183333333
fev/26;2796;1,95;2,416666667;0;3,158333333;1,208333333
fev/26;2823;0;0;0,183333333;0;-0,183333333
fev/26;2837;-2,516666667;0,683333333;4,2;0,341666667;-6,375
fev/26;2857;15,84166667;37,05;0;34,36666667;18,525
fev/26;2883;17,53333333;9,966666667;0;22,51666667;4,983333333
fev/26;2892;0;0;0;0;0
fev/26;2902;0;0;0;0;0
fev/26;2919;0;0;0;0;0
fev/26;2926;0;0;0;0;0
fev/26;2931;0,591666667;0,183333333;4,316666667;0,091666667;-3,633333333
fev/26;2938;0;0;0;0;0
fev/26;2943;0;0;0;0;0
fev/26;2945;0;0;0;0;0
fev/26;2975;13,8;25,66666667;0;26,63333333;12,83333333
fev/26;2990;0;0;0;0;0
fev/26;2991;-1,541666667;2,616666667;0;1,308333333;-0,233333333
fev/26;3005;-3,258333333;0,866666667;8,016666667;0,433333333;-10,84166667
fev/26;3022;1,25;1,266666667;0;1,883333333;0,633333333
fev/26;3033;-1,75;1,583333333;1,883333333;0,791666667;-2,841666667
fev/26;3037;0;0;0;0;0
fev/26;3038;-2;0;1,283333333;0;-3,283333333
fev/26;3039;0;0;0;0;0
fev/26;3040;-3,883333333;0;0,566666667;0;-4,45
fev/26;3106;-4;0,283333333;3,816666667;0,141666667;-7,675
fev/26;3107;3,191666667;10,75;1,866666667;6,7;5,375
fev/26;3178;1,55;9,25;0,85;5,325;4,625
fev/26;3208;6,816666667;8,7;0;11,16666667;4,35
fev/26;3233;3,966666667;5,033333333;0;6,483333333;2,516666667
fev/26;3238;9,366666667;11,03333333;0;14,88333333;5,516666667
fev/26;3240;0,533333333;6,816666667;12;3,408333333;-8,058333333
fev/26;3254;-3,333333333;0,433333333;0,2;0,216666667;-3,316666667
fev/26;3256;-0,825;0,816666667;3,016666667;0,408333333;-3,433333333
fev/26;3261;7,191666667;15,56666667;0;14,975;7,783333333
fev/26;3265;-4,816666667;0;2,266666667;0;-7,083333333
fev/26;3266;0;0;0;0;0
fev/26;3274;3,325;10,46666667;4,333333333;5,233333333;4,225
fev/26;3278;0;0;0;0;0
fev/26;3280;13,1;25,83333333;5,7;20,31666667;12,91666667
fev/26;3325;3,991666667;9,2;1,633333333;6,958333333;4,6
fev/26;3328;-1,508333333;0;6,166666667;0;-7,675
fev/26;3330;1,941666667;5,4;0;4,641666667;2,7
fev/26;3345;0;0;0;0;0
fev/26;3346;-1,725;0,616666667;4,3;0,308333333;-5,716666667
fev/26;3351;0;3,833333333;3,4;1,916666667;-1,483333333
fev/26;3353;1,783333333;0;0;1,783333333;0
fev/26;3374;0,975;2,85;1,866666667;1,425;0,533333333
fev/26;3377;1,066666667;9,533333333;9;4,766666667;-3,166666667
fev/26;3385;12,15833333;21,86666667;0;23,09166667;10,93333333
fev/26;3386;13,08333333;24,06666667;0;25,11666667;12,03333333
fev/26;3387;5,175;8,366666667;0;9,358333333;4,183333333
fev/26;3392;-5,35;2,55;0,983333333;1,275;-5,058333333
fev/26;3401;7,45;13,68333333;0,183333333;14,10833333;6,841666667
fev/26;3403;1,75;14,15;16;7,075;-7,175
fev/26;3405;3,85;6,016666667;4,316666667;3,008333333;2,541666667
fev/26;3409;2,375;7,8;0,216666667;6,058333333;3,9
fev/26;3418;0,333333333;8,8;6,616666667;4,4;-1,883333333
fev/26;3419;0,591666667;5,616666667;1,233333333;2,808333333;2,166666667
fev/26;3435;-7,091666667;1,316666667;3,166666667;0,658333333;-9,6
fev/26;3437;-14,48333333;0;11,96666667;0;-26,45
fev/26;3441;8,033333333;25,65;0,8;20,05833333;12,825
fev/26;3443;2,508333333;8,983333333;0,316666667;6,683333333;4,491666667
fev/26;3446;0;7,933333333;0,7;3,966666667;3,266666667
fev/26;3462;-11,01666667;0,716666667;9,9;0,358333333;-20,55833333
fev/26;3465;-12,325;0,216666667;13,58333333;0,108333333;-25,8
fev/26;3466;-10,39166667;2,933333333;14,25;1,466666667;-23,175
fev/26;3469;-7,05;9,983333333;6,733333333;4,991666667;-8,791666667
fev/26;3470;-9,116666667;2,25;5,783333333;1,125;-13,775
fev/26;3472;21,25;35;0;38,75;17,5
fev/26;3475;-4,55;0;6,95;0;-11,5
fev/26;3476;-4,483333333;1,216666667;10,35;0,608333333;-14,225
fev/26;3477;-5,316666667;0,566666667;8;0,283333333;-13,03333333
fev/26;3478;-0,6;0;1,083333333;0;-1,683333333
fev/26;3479;-2,016666667;7,916666667;2,433333333;3,958333333;-0,491666667
fev/26;3480;15,19166667;21,78333333;10,41666667;15,66666667;10,89166667
fev/26;3482;-0,433333333;0;0;0;-0,433333333
fev/26;3483;0;0;0;0;0
fev/26;3484;-5,858333333;3,383333333;3,416666667;1,691666667;-7,583333333
fev/26;3485;-0,191666667;3,583333333;3,3;1,791666667;-1,7
fev/26;3491;-5,525;0;4,9;0;-10,425
fev/26;3492;0,7;1,083333333;0,65;0,591666667;0,541666667
fev/26;3493;8,55;9,983333333;0,3;13,24166667;4,991666667
fev/26;3494;-2,8;1,35;3,633333333;0,675;-5,758333333
fev/26;3495;-2,466666667;1,283333333;3,833333333;0,641666667;-5,658333333
fev/26;3497;6,383333333;20,1;0;16,43333333;10,05
fev/26;3500;-2,1;0;1,366666667;0;-3,466666667
fev/26;3502;4,158333333;12,61666667;0,4;10,06666667;6,308333333
fev/26;3504;0;9,016666667;1,1;4,508333333;3,408333333
fev/26;3505;0;5,066666667;0;2,533333333;2,533333333
mar/26;399;0;0;0;0;0
mar/26;409;0;0;0;0;0
mar/26;422;0;0;0;0;0
mar/26;657;0;0;0;0;0
mar/26;802;-1,9;1,5;4,983333333;0,75;-6,133333333
mar/26;1028;-3,95;4,183333333;4,4;2,091666667;-6,258333333
mar/26;1054;12,51666667;25,85;0;25,44166667;12,925
mar/26;1091;0;0;0;0;0
mar/26;1227;0;0;0;0;0
mar/26;1274;-9,75;0;4,6;0;-14,35
mar/26;1352;1,208333333;0;0;1,208333333;0
mar/26;1461;3,116666667;10,81666667;4,616666667;5,408333333;3,908333333
mar/26;1489;18;41;0;38,5;20,5
mar/26;1540;-8,808333333;2,433333333;1,95;1,216666667;-9,541666667
mar/26;1579;0;0;0;0;0
mar/26;1580;21,99166667;63,71666667;3,633333333;50,21666667;31,85833333
mar/26;1842;11,01666667;24,16666667;0;23,1;12,08333333
mar/26;2113;12,25;24,53333333;0;24,51666667;12,26666667
mar/26;2133;0;0;0;0;0
mar/26;2240;-0,283333333;0;0;0;-0,283333333
mar/26;2249;16,19166667;41,73333333;0;37,05833333;20,86666667
mar/26;2401;0,3;23,08333333;1,116666667;11,54166667;10,725
mar/26;2406;-2,783333333;0;3,533333333;0;-6,316666667
mar/26;2427;0,183333333;12,18333333;0,8;6,091666667;5,475
mar/26;2456;17,575;40,85;0;38;20,425
mar/26;2571;0;0;0;0;0
mar/26;2602;-0,25;0;0;0;-0,25
mar/26;2619;-11,1;0;6,366666667;0;-17,46666667
mar/26;2649;0;0;0;0;0
mar/26;2662;-3,8;1,266666667;1,5;0,633333333;-4,666666667
mar/26;2687;0;0;0;0;0
mar/26;2693;-15,225;3,85;10,5;1,925;-23,8
mar/26;2697;0;0;0;0;0
mar/26;2704;0;0;0;0;0
mar/26;2731;-1,883333333;0;6,183333333;0;-8,066666667
mar/26;2733;0;0;0,266666667;0;-0,266666667
mar/26;2739;0;0;0,8;0;-0,8
mar/26;2743;0;0;0;0;0
mar/26;2754;0;0;0;0;0
mar/26;2755;0;0;0;0;0
mar/26;2762;-0,183333333;3,216666667;6,85;1,608333333;-5,425
mar/26;2796;1,208333333;0,483333333;1,716666667;0,241666667;-0,266666667
mar/26;2823;-0,183333333;0;0,2;0;-0,383333333
mar/26;2837;-6,375;1,233333333;1,966666667;0,616666667;-7,725
mar/26;2857;18,525;38,91666667;0;37,98333333;19,45833333
mar/26;2883;4,983333333;41,96666667;0;25,96666667;20,98333333
mar/26;2926;0;0;0;0;0
mar/26;2931;-3,633333333;0,333333333;2,083333333;0,166666667;-5,55
mar/26;2975;12,83333333;27,78333333;0;26,725;13,89166667
mar/26;2990;0;0;0;0;0
mar/26;2991;-0,233333333;0,75;0;0,375;0,141666667
mar/26;3005;-10,84166667;0,383333333;1,933333333;0,191666667;-12,58333333
mar/26;3022;0,633333333;0;2,283333333;0;-1,65
mar/26;3037;0;0;0;0;0
mar/26;3038;-3,283333333;0;6,15;0;-9,433333333
mar/26;3039;0;0;1,85;0;-1,85
mar/26;3040;-4,45;0;0,4;0;-4,85
mar/26;3106;-7,675;0;10,08333333;0;-17,75833333
mar/26;3107;5,375;4,533333333;4,266666667;3,375;2,266666667
mar/26;3178;4,625;9,85;4,166666667;5,383333333;4,925
mar/26;3208;4,35;15,4;0;12,05;7,7
mar/26;3233;2,516666667;11,45;0;8,241666667;5,725
mar/26;3238;5,516666667;9,716666667;0;10,375;4,858333333
mar/26;3240;-8,058333333;9,433333333;8;4,716666667;-11,34166667
mar/26;3254;-3,316666667;0;39,18333333;0;-42,5
mar/26;3256;-3,433333333;2,816666667;3,133333333;1,408333333;-5,158333333
mar/26;3261;7,783333333;17,4;0;16,48333333;8,7
mar/26;3265;-7,083333333;0;0,4;0;-7,483333333
mar/26;3266;0;0;0;0;0
mar/26;3274;4,225;9,733333333;4,283333333;4,866666667;4,808333333
mar/26;3278;0;0;0;0;0
mar/26;3280;12,91666667;55,56666667;2,8;37,9;27,78333333
mar/26;3325;4,6;13,43333333;2,066666667;9,25;6,716666667
mar/26;3328;-7,675;7,2;6,25;3,6;-10,325
mar/26;3330;2,7;7,083333333;0;6,241666667;3,541666667
mar/26;3345;0;0;0;0;0
mar/26;3346;-5,716666667;0;0;0;-5,716666667
mar/26;3351;-1,483333333;4,9;10,85;2,45;-9,883333333
mar/26;3353;0;7,183333333;2,733333333;3,591666667;0,858333333
mar/26;3374;0,533333333;2,983333333;0;2,025;1,491666667
mar/26;3377;-3,166666667;10,9;9,85;5,45;-7,566666667
mar/26;3385;10,93333333;14,15;0;18,00833333;7,075
mar/26;3386;12,03333333;27,11666667;0;25,59166667;13,55833333
mar/26;3387;4,183333333;2,05;4,3;1,025;0,908333333
mar/26;3392;-5,058333333;0,85;41,4;0,425;-46,03333333
mar/26;3401;6,841666667;18,21666667;7,333333333;9,108333333;8,616666667
mar/26;3403;-7,175;14,43333333;7,416666667;7,216666667;-7,375
mar/26;3405;2,541666667;0,566666667;10,05;0,283333333;-7,225
mar/26;3409;3,9;13,63333333;0,833333333;9,883333333;6,816666667
mar/26;3418;-1,883333333;6,933333333;7,233333333;3,466666667;-5,65
mar/26;3419;2,166666667;0,666666667;1,833333333;0,666666667;0,333333333
mar/26;3435;-9,6;1,116666667;4,1;0,558333333;-13,14166667
mar/26;3441;12,825;22,15;0;23,9;11,075
mar/26;3443;4,491666667;7,65;0,183333333;8,133333333;3,825
mar/26;3446;3,266666667;2,85;2,3;2,391666667;1,425
mar/26;3462;-20,55833333;0,583333333;9,116666667;0,291666667;-29,38333333
mar/26;3465;-25,8;0;12,73333333;0;-38,53333333
mar/26;3466;-23,175;4,016666667;7,183333333;2,008333333;-28,35
mar/26;3469;-8,791666667;2,65;6,85;1,325;-14,31666667
mar/26;3470;-13,775;0,266666667;10,2;0,133333333;-23,84166667
mar/26;3472;17,5;39,86666667;0;37,43333333;19,93333333
mar/26;3475;-11,5;0;19,16666667;0;-30,66666667
mar/26;3476;-14,225;0,716666667;4,666666667;0,358333333;-18,53333333
mar/26;3478;-1,683333333;0;2,2;0;-3,883333333
mar/26;3479;-0,491666667;6,766666667;4,933333333;3,383333333;-2,041666667
mar/26;3480;10,89166667;24,31666667;0;23,05;12,15833333
mar/26;3482;-0,433333333;0;0;0;-0,433333333
mar/26;3483;0;0;0,35;0;-0,35
mar/26;3484;-7,583333333;3,533333333;1,25;1,766666667;-7,066666667
mar/26;3485;-1,7;8,333333333;3,316666667;4,166666667;-0,85
mar/26;3489;0;0;0;0;0
mar/26;3491;-10,425;0,6;2,333333333;0,3;-12,45833333
mar/26;3492;0,541666667;1,883333333;0,183333333;1,3;0,941666667
mar/26;3493;4,991666667;11,7;0,416666667;10,425;5,85
mar/26;3494;-5,758333333;1,483333333;7,266666667;0,741666667;-12,28333333
mar/26;3495;-5,658333333;2,116666667;4,066666667;1,058333333;-8,666666667
mar/26;3497;10,05;12,35;0;16,225;6,175
mar/26;3500;-3,466666667;0;1,366666667;0;-4,833333333
mar/26;3502;6,308333333;14;4,116666667;9,191666667;7
mar/26;3504;3,408333333;10;0;8,408333333;5
mar/26;3506;0;14,56666667;17,08333333;7,283333333;-9,8
mar/26;3507;0;0,866666667;0,216666667;0,433333333;0,216666667
mar/26;3508;0;0;0,3;0;-0,3
mar/26;3509;0;1,4;1,333333333;0,7;-0,633333333
mar/26;3510;0;0,3;0,833333333;0,15;-0,683333333
mar/26;3511;0;0,3;0,883333333;0,15;-0,733333333
mar/26;3512;0;0,266666667;0,45;0,133333333;-0,316666667
mar/26;3513;0;0;0,8;0;-0,8
mar/26;3514;0;0,2;1,033333333;0,1;-0,933333333
abr/26;399;0;0;0;0;0
abr/26;409;0;0;0;0;0
abr/26;422;0;0;0;0;0
abr/26;657;0;0;0;0;0
abr/26;802;-6,133333333;1,716666667;0,6;0,858333333;-5,875
abr/26;1028;-6,258333333;1,4;0,666666667;0,7;-6,225
abr/26;1054;12,925;23;0;24,425;11,5
abr/26;1091;0;0;0;0;0
abr/26;1227;0;0;0;0;0
abr/26;1274;-14,35;0;3,183333333;0;-17,53333333
abr/26;1352;0;21,96666667;4;10,98333333;6,983333333
abr/26;1461;3,908333333;12,61666667;2,2;8,016666667;6,308333333
abr/26;1489;20,5;35,16666667;0;38,08333333;17,58333333
abr/26;1540;-9,541666667;1,183333333;3,6;0,591666667;-12,55
abr/26;1579;0;0;0;0;0
abr/26;1580;31,85833333;0;0;31,85833333;0
abr/26;1842;12,08333333;19,83333333;0;22;9,916666667
abr/26;2113;12,26666667;23,45;0;23,99166667;11,725
abr/26;2133;0;0;0;0;0
abr/26;2240;-0,283333333;0;0;0;-0,283333333
abr/26;2249;20,86666667;32,93333333;0;37,33333333;16,46666667
abr/26;2401;10,725;8,9;6,55;8,625;4,45
abr/26;2406;-6,316666667;0;0;0;-6,316666667
abr/26;2427;5,475;6,433333333;0,3;8,391666667;3,216666667
abr/26;2456;20,425;33,66666667;0;37,25833333;16,83333333
abr/26;2571;0;0;0;0;0
abr/26;2602;-0,25;0;0;0;-0,25
abr/26;2619;-17,46666667;0;6,366666667;0;-23,83333333
abr/26;2649;0;0;0;0;0
abr/26;2662;-4,666666667;1,2;1,266666667;0,6;-5,333333333
abr/26;2687;0;0;0;0;0
abr/26;2693;-23,8;1,183333333;4,766666667;0,591666667;-27,975
abr/26;2697;0;0;0;0;0
abr/26;2704;0;0;0;0;0
abr/26;2731;-8,066666667;0;1,05;0;-9,116666667
abr/26;2733;-0,266666667;0;0;0;-0,266666667
abr/26;2739;-0,8;0;2,066666667;0;-2,866666667
abr/26;2743;0;0;0;0;0
abr/26;2754;0;0;0;0;0
abr/26;2755;0;0;0;0;0
abr/26;2762;-5,425;1,95;9,833333333;0,975;-14,28333333
abr/26;2796;-0,266666667;0,466666667;5,766666667;0,233333333;-5,8
abr/26;2823;-0,383333333;0;0,216666667;0;-0,6
abr/26;2837;-7,725;0;2,616666667;0;-10,34166667
abr/26;2857;19,45833333;25,36666667;0,45;31,69166667;12,68333333
abr/26;2883;20,98333333;38,88333333;1,183333333;39,24166667;19,44166667
abr/26;2926;0;0;0;0;0
abr/26;2931;-5,55;1,683333333;2,95;0,841666667;-7,658333333
abr/26;2975;13,89166667;25,61666667;0;26,7;12,80833333
abr/26;2990;0;0;0;0;0
abr/26;2991;0,141666667;10,23333333;0;5,258333333;5,116666667
abr/26;3005;-12,58333333;0,233333333;7,383333333;0,116666667;-19,85
abr/26;3022;-1,65;0,216666667;0;0,108333333;-1,541666667
abr/26;3037;0;0;0;0;0
abr/26;3038;-9,433333333;0;4,566666667;0;-14
abr/26;3039;-1,85;0;0;0;-1,85
abr/26;3040;-4,85;0;0,6;0;-5,45
abr/26;3106;-17,75833333;0;4,083333333;0;-21,84166667
abr/26;3107;2,266666667;2,783333333;0,95;2,708333333;1,391666667
abr/26;3178;4,925;6,9;0;8,375;3,45
abr/26;3208;7,7;10,01666667;0;12,70833333;5,008333333
abr/26;3233;5,725;7,433333333;0;9,441666667;3,716666667
abr/26;3238;4,858333333;18,65;0,3;13,88333333;9,325
abr/26;3240;-11,34166667;10,66666667;13,83333333;5,333333333;-19,84166667
abr/26;3256;-5,158333333;4,616666667;3,266666667;2,308333333;-6,116666667
abr/26;3261;8,7;14,28333333;0;15,84166667;7,141666667
abr/26;3265;-7,483333333;0;3,75;0;-11,23333333
abr/26;3266;0;0;0,216666667;0;-0,216666667
abr/26;3274;4,808333333;8,783333333;2,666666667;6,533333333;4,391666667
abr/26;3278;0;0;0;0;0
abr/26;3280;27,78333333;37,08333333;0,7;45,625;18,54166667
abr/26;3325;6,716666667;8,5;0,65;10,31666667;4,25
abr/26;3328;-10,325;0,2;9,016666667;0,1;-19,24166667
abr/26;3330;3,541666667;4,883333333;0;5,983333333;2,441666667
abr/26;3345;0;0;0;0;0
abr/26;3346;-5,716666667;0;19,55;0;-25,26666667
abr/26;3351;-9,883333333;1,583333333;5,316666667;0,791666667;-14,40833333
abr/26;3353;0,858333333;11,83333333;1,65;5,916666667;5,125
abr/26;3374;1,491666667;1,866666667;0;2,425;0,933333333
abr/26;3377;-7,566666667;12,26666667;12,4;6,133333333;-13,83333333
abr/26;3385;7,075;24,11666667;0;19,13333333;12,05833333
abr/26;3386;13,55833333;23,05;0;25,08333333;11,525
abr/26;3387;0,908333333;20,78333333;0;11,3;10,39166667
abr/26;3401;8,616666667;13,1;0,233333333;14,93333333;6,55
abr/26;3403;-7,375;14,75;8,216666667;7,375;-8,216666667
abr/26;3405;-7,225;1,616666667;3,933333333;0,808333333;-10,35
abr/26;3409;6,816666667;14,85;1,383333333;12,85833333;7,425
abr/26;3418;-5,65;6,266666667;2,683333333;3,133333333;-5,2
abr/26;3419;0,333333333;8,816666667;0,866666667;4,408333333;3,875
abr/26;3435;-13,14166667;0,216666667;1,766666667;0,108333333;-14,8
abr/26;3441;11,075;20,88333333;0,933333333;20,58333333;10,44166667
abr/26;3443;3,825;0,966666667;0;4,308333333;0,483333333
abr/26;3446;1,425;2,516666667;0,966666667;1,716666667;1,258333333
abr/26;3462;-29,38333333;0;1,833333333;0;-31,21666667
abr/26;3466;-28,35;5,783333333;10,76666667;2,891666667;-36,225
abr/26;3469;-14,31666667;4,75;8,916666667;2,375;-20,85833333
abr/26;3470;-23,84166667;0;0,583333333;0;-24,425
abr/26;3472;19,93333333;35,13333333;0;37,5;17,56666667
abr/26;3475;-30,66666667;0;4,8;0;-35,46666667
abr/26;3476;-18,53333333;0;6,416666667;0;-24,95
abr/26;3478;-3,883333333;0;2,583333333;0;-6,466666667
abr/26;3479;-2,041666667;2,333333333;0,216666667;1,166666667;-1,091666667
abr/26;3480;12,15833333;19,48333333;0;21,9;9,741666667
abr/26;3482;-0,433333333;0;0;0;-0,433333333
abr/26;3483;-0,35;0;0;0;-0,35
abr/26;3484;-7,066666667;1,2;3,033333333;0,6;-9,5
abr/26;3485;-0,85;2,9;2,533333333;1,45;-1,933333333
abr/26;3489;0;0;0;0;0
abr/26;3491;-12,45833333;0,3;2,9;0,15;-15,20833333
abr/26;3492;0,941666667;1,5;0;1,691666667;0,75
abr/26;3493;5,85;12,91666667;0,9;11,40833333;6,458333333
abr/26;3494;-12,28333333;0,816666667;1,95;0,408333333;-13,825
abr/26;3495;-8,666666667;0,616666667;3,266666667;0,308333333;-11,625
abr/26;3497;6,175;7,85;0,216666667;9,883333333;3,925
abr/26;3500;-4,833333333;0;0,416666667;0;-5,25
abr/26;3502;7;19,33333333;0,9;15,76666667;9,666666667
abr/26;3504;5;8,383333333;0;9,191666667;4,191666667
abr/26;3506;-9,8;11,03333333;15,3;5,516666667;-19,58333333
abr/26;3507;0,216666667;4,633333333;0,383333333;2,316666667;2,15
abr/26;3508;-0,3;0;1,583333333;0;-1,883333333
abr/26;3509;-0,633333333;3,416666667;4,083333333;1,708333333;-3,008333333
abr/26;3511;-0,733333333;0,933333333;3,966666667;0,466666667;-4,233333333
abr/26;3512;-0,316666667;0,75;2,616666667;0,375;-2,558333333
abr/26;3513;-0,8;0,65;3,05;0,325;-3,525
abr/26;3514;-0,933333333;0;6,7;0;-7,633333333
abr/26;3516;0;0;0;0;0
abr/26;3518;0;0,7;1,216666667;0,35;-0,866666667
abr/26;3519;0;0,3;1,7;0,15;-1,55
mai/26;399;0;0;0;0;0
mai/26;409;0;0;0;0;0
mai/26;422;0;0;0;0;0
mai/26;657;0;0;0;0;0
mai/26;802;0;0,933333333;1,516666667;0,466666667;-1,05
mai/26;1028;0;6,833333333;0,416666667;3,416666667;3
mai/26;1054;11,5;27,2;0;25,1;13,6
mai/26;1091;0;0;0;0;0
mai/26;1227;0;0;0;0;0
mai/26;1274;0;0;9,516666667;0;-9,516666667
mai/26;1352;6,983333333;22,6;8,233333333;11,3;10,05
mai/26;1461;6,308333333;5,633333333;2,85;6,275;2,816666667
mai/26;1489;17,58333333;19,43333333;0;27,3;9,716666667
mai/26;1540;0;1,75;6,233333333;0,875;-5,358333333
mai/26;1579;0;0;0;0;0
mai/26;1580;0;3,583333333;10,2;1,791666667;-8,408333333
mai/26;1842;9,916666667;28,75;0;24,29166667;14,375
mai/26;2113;11,725;25,65;0;24,55;12,825
mai/26;2133;0;0;0;0;0
mai/26;2240;0;0;1,05;0;-1,05
mai/26;2249;16,46666667;36,38333333;0;34,65833333;18,19166667
mai/26;2401;4,45;0;0,2;4,25;0
mai/26;2406;0;0;0;0;0
mai/26;2427;3,216666667;13,01666667;0;9,725;6,508333333
mai/26;2456;16,83333333;39,6;0;36,63333333;19,8
mai/26;2571;0;0;0;0;0
mai/26;2602;0;0;1,183333333;0;-1,183333333
mai/26;2619;0;0;5,95;0;-5,95
mai/26;2649;0;0;0;0;0
mai/26;2662;0;2,066666667;1,816666667;1,033333333;-0,783333333
mai/26;2687;0;0;0;0;0
mai/26;2693;0;3,1;4,35;1,55;-2,8
mai/26;2697;0;0;0;0;0
mai/26;2704;0;0;0;0;0
mai/26;2731;0;0;0,65;0;-0,65
mai/26;2733;0;0;0;0;0
mai/26;2739;0;0;0;0;0
mai/26;2743;0;0;0;0;0
mai/26;2754;0;0;0;0;0
mai/26;2755;0;0;0;0;0
mai/26;2762;0;3,316666667;4,233333333;1,658333333;-2,575
mai/26;2796;0;0,5;2,85;0,25;-2,6
mai/26;2823;0;0;1,333333333;0;-1,333333333
mai/26;2837;0;0,916666667;3,483333333;0,458333333;-3,025
mai/26;2857;12,68333333;24,5;0,183333333;24,75;12,25
mai/26;2883;19,44166667;29,46666667;0,333333333;33,84166667;14,73333333
mai/26;2926;0;0;0;0;0
mai/26;2931;0;5,816666667;4,616666667;2,908333333;-1,708333333
mai/26;2975;12,80833333;28,3;0;26,95833333;14,15
mai/26;2990;0;0;0;0;0
mai/26;2991;5,116666667;1,883333333;0,25;5,808333333;0,941666667
mai/26;3005;0;0,183333333;5,033333333;0,091666667;-4,941666667
mai/26;3022;0;1,766666667;0,3;0,883333333;0,583333333
mai/26;3037;0;0;0;0;0
mai/26;3038;0;0;5,366666667;0;-5,366666667
mai/26;3039;0;0;1,283333333;0;-1,283333333
mai/26;3040;0;0;0;0;0
mai/26;3106;0;0,883333333;2,583333333;0,441666667;-2,141666667
mai/26;3107;1,391666667;1,833333333;11,43333333;0,916666667;-9,125
mai/26;3178;3,45;6,983333333;0;6,941666667;3,491666667
mai/26;3208;5,008333333;12,96666667;0;11,49166667;6,483333333
mai/26;3233;3,716666667;10,76666667;0;9,1;5,383333333
mai/26;3238;9,325;19,38333333;1,516666667;17,5;9,691666667
mai/26;3240;0;9,133333333;12;4,566666667;-7,433333333
mai/26;3256;0;15,3;3,733333333;7,65;3,916666667
mai/26;3261;7,141666667;15,53333333;0,883333333;14,025;7,766666667
mai/26;3265;0;0;0,566666667;0;-0,566666667
mai/26;3266;0;0;0,85;0;-0,85
mai/26;3274;4,391666667;3,3;0;6,041666667;1,65
mai/26;3278;0;0;0;0;0
mai/26;3280;18,54166667;37,88333333;3,25;34,23333333;18,94166667
mai/26;3325;4,25;12,75;0;10,625;6,375
mai/26;3328;0;0,4;3,733333333;0,2;-3,533333333
mai/26;3330;2,441666667;10,4;0;7,641666667;5,2
mai/26;3345;0;0;0;0;0
mai/26;3346;0;0,45;4,55;0,225;-4,325
mai/26;3351;0;2,05;10,03333333;1,025;-9,008333333
mai/26;3353;5,125;29,06666667;0,75;18,90833333;14,53333333
mai/26;3374;0,933333333;2,066666667;1,716666667;1,033333333;0,25
mai/26;3377;0;12,58333333;12,26666667;6,291666667;-5,975
mai/26;3385;12,05833333;12,93333333;0;18,525;6,466666667
mai/26;3386;11,525;24,68333333;0;23,86666667;12,34166667
mai/26;3387;10,39166667;29,68333333;0;25,23333333;14,84166667
mai/26;3401;6,55;12,76666667;0,283333333;12,65;6,383333333
mai/26;3403;0;26,28333333;0;13,14166667;13,14166667
mai/26;3405;0;3,6;17,98333333;1,8;-16,18333333
mai/26;3409;7,425;12,46666667;7,933333333;6,233333333;5,725
mai/26;3418;0;5,716666667;12,35;2,858333333;-9,491666667
mai/26;3419;3,875;18,01666667;0,466666667;12,41666667;9,008333333
mai/26;3435;0;0,7;0,716666667;0,35;-0,366666667
mai/26;3441;10,44166667;23,61666667;1,466666667;20,78333333;11,80833333
mai/26;3443;0,483333333;25,05;1,516666667;12,525;11,49166667
mai/26;3446;1,258333333;6,883333333;3,733333333;3,441666667;0,966666667
mai/26;3466;0;0,2;14,28333333;0,1;-14,18333333
mai/26;3469;0;2,966666667;16,35;1,483333333;-14,86666667
mai/26;3470;0;1,366666667;1,416666667;0,683333333;-0,733333333
mai/26;3472;17,56666667;39,81666667;0;37,475;19,90833333
mai/26;3475;0;0;3,383333333;0;-3,383333333
mai/26;3476;0;0,75;8,916666667;0,375;-8,541666667
mai/26;3479;0;16,18333333;0,4;8,091666667;7,691666667
mai/26;3480;9,741666667;20,53333333;0;20,00833333;10,26666667
mai/26;3482;0;0;0;0;0
mai/26;3483;0;0;0,7;0;-0,7
mai/26;3484;0;1,833333333;7,566666667;0,916666667;-6,65
mai/26;3485;0;8,6;2,25;4,3;2,05
mai/26;3489;0;0;0;0;0
mai/26;3491;0;0,75;7,9;0,375;-7,525
mai/26;3492;0,75;3,916666667;0,2;2,508333333;1,958333333
mai/26;3493;6,458333333;11,41666667;2,55;9,616666667;5,708333333
mai/26;3494;0;0,666666667;3,55;0,333333333;-3,216666667
mai/26;3497;3,925;9,583333333;0;8,716666667;4,791666667
mai/26;3500;0;0;0,383333333;0;-0,383333333
mai/26;3502;9,666666667;16,95;1,516666667;16,625;8,475
mai/26;3504;4,191666667;9,816666667;0,183333333;8,916666667;4,908333333
mai/26;3506;0;16,63333333;13,85;8,316666667;-5,533333333
mai/26;3507;2,15;7,266666667;4;3,633333333;1,783333333
mai/26;3508;0;1,85;3,4;0,925;-2,475
mai/26;3509;0;10,26666667;1,7;5,133333333;3,433333333
mai/26;3511;0;0,6;9,133333333;0,3;-8,833333333
mai/26;3512;0;2,1;4,783333333;1,05;-3,733333333
mai/26;3513;0;1,416666667;5,166666667;0,708333333;-4,458333333
mai/26;3516;0;0,2;0;0,1;0,1
mai/26;3518;0;0,233333333;4,233333333;0,116666667;-4,116666667
mai/26;3520;0;6,35;3,616666667;3,175;-0,441666667
jun/26;399;0;0;0;0;0
jun/26;409;0;0;0;0;0
jun/26;422;0;0;0;0;0
jun/26;657;0;0;0;0;0
jun/26;802;-1,05;4,066666667;0,633333333;2,033333333;0,35
jun/26;1028;3;7,883333333;1,383333333;5,558333333;3,941666667
jun/26;1054;13,6;25,01666667;0;26,10833333;12,50833333
jun/26;1091;0;0;0;0;0
jun/26;1227;0;0;0;0;0
jun/26;1274;-9,516666667;0;9,966666667;0;-19,48333333
jun/26;1352;10,05;17,75;8,85;10,075;8,875
jun/26;1461;2,816666667;4,75;2,366666667;2,825;2,375
jun/26;1489;9,716666667;19,43333333;0;19,43333333;9,716666667
jun/26;1540;-5,358333333;2,583333333;9,616666667;1,291666667;-13,68333333
jun/26;1579;0;0;0;0;0
jun/26;1842;14,375;24,88333333;0;26,81666667;12,44166667
jun/26;2113;12,825;25,46666667;0;25,55833333;12,73333333
jun/26;2133;0;0;0;0;0
jun/26;2240;-1,05;0;0,333333333;0;-1,383333333
jun/26;2249;18,19166667;39,13333333;0;37,75833333;19,56666667
jun/26;2401;0;0,2;1,233333333;0,1;-1,133333333
jun/26;2406;0;0;0;0;0
jun/26;2427;6,508333333;8,016666667;0;10,51666667;4,008333333
jun/26;2456;19,8;39,85;0;39,725;19,925
jun/26;2571;0;0;0;0;0
jun/26;2602;-1,183333333;0;0,366666667;0;-1,55
jun/26;2619;-5,95;0,266666667;5,2;0,133333333;-11,01666667
jun/26;2649;0;0;0;0;0
jun/26;2662;-0,783333333;0,65;1,7;0,325;-2,158333333
jun/26;2687;0;0;0;0;0
jun/26;2693;-2,8;1,433333333;6,95;0,716666667;-9,033333333
jun/26;2697;0;0;0;0;0
jun/26;2704;0;0;0;0;0
jun/26;2731;-0,65;0;1,25;0;-1,9
jun/26;2733;0;0;0,416666667;0;-0,416666667
jun/26;2739;0;0;0;0;0
jun/26;2743;0;0;0;0;0
jun/26;2754;0;0;0;0;0
jun/26;2755;0;0;0;0;0
jun/26;2762;-2,575;6,466666667;3,5;3,233333333;-2,841666667
jun/26;2796;-2,6;0,366666667;5,45;0,183333333;-7,866666667
jun/26;2823;-1,333333333;0;0,316666667;0;-1,65
jun/26;2837;-3,025;0,45;7,9;0,225;-10,7
jun/26;2857;12,25;9,666666667;0;17,08333333;4,833333333
jun/26;2883;14,73333333;35,96666667;0,3;32,41666667;17,98333333
jun/26;2926;0;0;0;0;0
jun/26;2931;-1,708333333;5,116666667;3,833333333;2,558333333;-2,983333333
jun/26;2975;14,15;25,81666667;0;27,05833333;12,90833333
jun/26;2990;0;0;0;0;0
jun/26;2991;0,941666667;4,366666667;0;3,125;2,183333333
jun/26;3005;-4,941666667;1,383333333;1,466666667;0,691666667;-5,716666667
jun/26;3022;0,583333333;1,216666667;4,15;0,608333333;-2,958333333
jun/26;3037;0;0;0;0;0
jun/26;3038;-5,366666667;0;5,366666667;0;-10,73333333
jun/26;3039;-1,283333333;0;0;0;-1,283333333
jun/26;3040;0;0;0,733333333;0;-0,733333333
jun/26;3106;-2,141666667;0,383333333;5,583333333;0,191666667;-7,533333333
jun/26;3107;-9,125;3,083333333;6,766666667;1,541666667;-14,35
jun/26;3178;3,491666667;3,866666667;0,583333333;4,841666667;1,933333333
jun/26;3208;6,483333333;17,35;0;15,15833333;8,675
jun/26;3233;5,383333333;10,31666667;0;10,54166667;5,158333333
jun/26;3238;9,691666667;15,65;0;17,51666667;7,825
jun/26;3240;-7,433333333;4,233333333;8,583333333;2,116666667;-13,9
jun/26;3256;3,916666667;8,433333333;2,216666667;5,916666667;4,216666667
jun/26;3261;7,766666667;16,31666667;0;15,925;8,158333333
jun/26;3265;-0,566666667;0;8;0;-8,566666667
jun/26;3266;-0,85;0;0;0;-0,85
jun/26;3274;1,65;6,433333333;1,4;3,466666667;3,216666667
jun/26;3278;0;0;0;0;0
jun/26;3280;18,94166667;14,65;1,7;24,56666667;7,325
jun/26;3325;6,375;10,01666667;0;11,38333333;5,008333333
jun/26;3328;-3,533333333;0,2;2,916666667;0,1;-6,35
jun/26;3330;5,2;11,11666667;0,2;10,55833333;5,558333333
jun/26;3345;0;0;0;0;0
jun/26;3346;-4,325;1,366666667;1,05;0,683333333;-4,691666667
jun/26;3351;-9,008333333;0;11,11666667;0;-20,125
jun/26;3353;14,53333333;2,233333333;0,9;14,75;1,116666667
jun/26;3374;0,25;1,133333333;2,616666667;0,566666667;-1,8
jun/26;3377;-5,975;8,9;0,5;4,45;-2,025
jun/26;3385;6,466666667;8,166666667;0;10,55;4,083333333
jun/26;3386;12,34166667;23,6;0;24,14166667;11,8
jun/26;3387;14,84166667;27,88333333;0;28,78333333;13,94166667
jun/26;3401;6,383333333;14,43333333;1,866666667;11,73333333;7,216666667
jun/26;3403;13,14166667;19,58333333;0,433333333;22,5;9,791666667
jun/26;3405;-16,18333333;0,216666667;17,53333333;0,108333333;-33,60833333
jun/26;3409;5,725;16,41666667;1,05;12,88333333;8,208333333
jun/26;3418;-9,491666667;5,033333333;4,766666667;2,516666667;-11,74166667
jun/26;3419;9,008333333;5,316666667;1,35;10,31666667;2,658333333
jun/26;3435;-0,366666667;0;3,466666667;0;-3,833333333
jun/26;3441;11,80833333;25,43333333;0,8;23,725;12,71666667
jun/26;3443;11,49166667;12,93333333;0;17,95833333;6,466666667
jun/26;3446;0,966666667;4,066666667;8,216666667;2,033333333;-5,216666667
jun/26;3466;-14,18333333;0,183333333;15,08333333;0,091666667;-29,175
jun/26;3469;-14,86666667;2,35;3,316666667;1,175;-17,00833333
jun/26;3470;-0,733333333;1,683333333;2,7;0,841666667;-2,591666667
jun/26;3472;19,90833333;43,75;0;41,78333333;21,875
jun/26;3475;-3,383333333;0;9,3;0;-12,68333333
jun/26;3476;-8,541666667;0,316666667;11,46666667;0,158333333;-19,85
jun/26;3480;10,26666667;22,76666667;0;21,65;11,38333333
jun/26;3482;0;0;0,316666667;0;-0,316666667
jun/26;3483;-0,7;0;0,55;0;-1,25
jun/26;3484;-6,65;3,25;0,783333333;1,625;-5,808333333
jun/26;3485;2,05;17,1;0,583333333;10,01666667;8,55
jun/26;3489;0;0;0;0;0
jun/26;3491;-7,525;0,683333333;6,35;0,341666667;-13,53333333
jun/26;3492;1,958333333;3,216666667;0;3,566666667;1,608333333
jun/26;3493;5,708333333;13,08333333;0,2;12,05;6,541666667
jun/26;3494;-3,216666667;1,25;7,383333333;0,625;-9,975
jun/26;3497;4,791666667;10,95;0;10,26666667;5,475
jun/26;3500;-0,383333333;0;0;0;-0,383333333
jun/26;3502;8,475;26,73333333;0,883333333;20,95833333;13,36666667
jun/26;3504;4,908333333;7,3;0,566666667;7,991666667;3,65
jun/26;3506;-5,533333333;24,06666667;10,03333333;12,03333333;-3,533333333
jun/26;3507;1,783333333;4,816666667;0,2;3,991666667;2,408333333
jun/26;3508;-2,475;4,183333333;3,566666667;2,091666667;-3,95
jun/26;3509;3,433333333;4,6;7,783333333;2,3;-2,05
jun/26;3511;-8,833333333;0,333333333;9,05;0,166666667;-17,71666667
jun/26;3512;-3,733333333;1;5,883333333;0,5;-9,116666667
jun/26;3513;-4,458333333;0,516666667;9,9;0,258333333;-14,1
jun/26;3516;0,1;0,2;0;0,2;0,1
jun/26;3518;-4,116666667;0,2;6,25;0,1;-10,26666667
jun/26;3520;-0,441666667;3,666666667;2,866666667;1,833333333;-1,475
jun/26;3521;0;1,383333333;0,283333333;0,691666667;0,408333333
jun/26;3522;0;0;3,55;0;-3,55
jun/26;3523;0;0,766666667;3,633333333;0,383333333;-3,25
jun/26;3525;0;0;1,033333333;0;-1,033333333
jun/26;3526;0;0,266666667;6,016666667;0,133333333;-5,883333333
jun/26;3479;7,691666667;5,016666667;1,9;8,3;2,508333333
jul/26;399;0;0;0;0;0
jul/26;409;0;0;0;0;0
jul/26;422;0;0;0;0;0
jul/26;657;0;0;0;0;0
jul/26;802;0,35;2,9;3,433333333;1,45;-1,633333333
jul/26;1028;3,941666667;7,6;1,866666667;5,875;3,8
jul/26;1054;12,50833333;13;0;19,00833333;6,5
jul/26;1091;0;0;0;0;0
jul/26;1227;0;0;0;0;0
jul/26;1274;0;0,233333333;4,05;0,116666667;-3,933333333
jul/26;1352;8,875;28,5;8;15,125;14,25
jul/26;1461;2,375;8,616666667;2,783333333;4,308333333;3,9
jul/26;1489;9,716666667;40,85;0;30,14166667;20,425
jul/26;1540;0;3,083333333;2,833333333;1,541666667;-1,291666667
jul/26;1579;0;0;0;0;0
jul/26;1842;12,44166667;24,01666667;0;24,45;12,00833333
jul/26;2113;12,73333333;16,35;0;20,90833333;8,175
jul/26;2133;0;0;0;0;0
jul/26;2240;0;0;0;0;0
jul/26;2249;19,56666667;8,816666667;0;23,975;4,408333333
jul/26;2401;0;0,366666667;0,966666667;0,183333333;-0,783333333
jul/26;2406;0;0;1,333333333;0;-1,333333333
jul/26;2427;4,008333333;6,816666667;0,45;6,966666667;3,408333333
jul/26;2456;19,925;39,3;0;39,575;19,65
jul/26;2571;0;0;0;0;0
jul/26;2602;0;0;1;0;-1
jul/26;2619;0;0;6,133333333;0;-6,133333333
jul/26;2649;0;0;0;0;0
jul/26;2687;0;0;0;0;0
jul/26;2693;0;3,833333333;2,7;1,916666667;-0,783333333
jul/26;2697;0;0;0;0;0
jul/26;2704;0;0;0;0;0
jul/26;2731;0;0;0,716666667;0;-0,716666667
jul/26;2733;0;0;0;0;0
jul/26;2739;0;0;0;0;0
jul/26;2743;0;0;0;0;0
jul/26;2754;0;0;0;0;0
jul/26;2755;0;0;0;0;0
jul/26;2762;0;1,883333333;18,58333333;0,941666667;-17,64166667
jul/26;2796;0;0,583333333;5,083333333;0,291666667;-4,791666667
jul/26;2823;0;0;0,933333333;0;-0,933333333
jul/26;2837;0;0,5;8,383333333;0,25;-8,133333333
jul/26;2857;4,833333333;24,28333333;0;16,975;12,14166667
jul/26;2883;17,98333333;34,98333333;0;35,475;17,49166667
jul/26;2926;0;0;0;0;0
jul/26;2931;0;0,85;3;0,425;-2,575
jul/26;2975;12,90833333;27,63333333;0;26,725;13,81666667
jul/26;2990;0;0;0;0;0
jul/26;2991;2,183333333;4,916666667;0;4,641666667;2,458333333
jul/26;3005;0;1,3;11,9;0,65;-11,25
jul/26;3022;0;0;2,4;0;-2,4
jul/26;3037;0;0;0;0;0
jul/26;3038;0;0;6,266666667;0;-6,266666667
jul/26;3039;0;0;0;0;0
jul/26;3040;0;0;0,266666667;0;-0,266666667
jul/26;3106;0;0,483333333;2,083333333;0,241666667;-1,841666667
jul/26;3107;0;0,433333333;6,733333333;0,216666667;-6,516666667
jul/26;3178;1,933333333;5,183333333;0;4,525;2,591666667
jul/26;3208;8,675;18,05;12;9,025;5,7
jul/26;3233;5,158333333;7,85;3,15;5,933333333;3,925
jul/26;3238;7,825;17,58333333;14,66666667;8,791666667;1,95
jul/26;3240;0;15,83333333;12;7,916666667;-4,083333333
jul/26;3256;4,216666667;4,466666667;3,016666667;3,433333333;2,233333333
jul/26;3261;8,158333333;0;0;8,158333333;0
jul/26;3265;0;0;5,85;0;-5,85
jul/26;3274;3,216666667;11,36666667;0;8,9;5,683333333
jul/26;3278;0;0;0;0;0
jul/26;3280;7,325;26,05;0,583333333;19,76666667;13,025
jul/26;3325;5,008333333;11,95;0;10,98333333;5,975
jul/26;3328;0;0,55;6,633333333;0,275;-6,358333333
jul/26;3330;5,558333333;13,15;0;12,13333333;6,575
jul/26;3345;0;0;0;0;0
jul/26;3346;0;0,716666667;16,56666667;0,358333333;-16,20833333
jul/26;3351;0;0;4,9;0;-4,9
jul/26;3353;1,116666667;17,46666667;0;9,85;8,733333333
jul/26;3374;0;2,65;1,233333333;1,325;0,091666667
jul/26;3377;0;15,61666667;4;7,808333333;3,808333333
jul/26;3385;4,083333333;21,78333333;0;14,975;10,89166667
jul/26;3386;11,8;26,98333333;0;25,29166667;13,49166667
jul/26;3387;13,94166667;43,25;0;35,56666667;21,625
jul/26;3401;7,216666667;15,18333333;0;14,80833333;7,591666667
jul/26;3403;9,791666667;21,38333333;11,91666667;10,69166667;8,566666667
jul/26;3405;0;2,116666667;6,166666667;1,058333333;-5,108333333
jul/26;3409;8,208333333;4,083333333;7,4;2,85;2,041666667
jul/26;3418;0;3,2;3,266666667;1,6;-1,666666667
jul/26;3419;2,658333333;3,816666667;1,233333333;3,333333333;1,908333333
jul/26;3435;0;0,183333333;2,4;0,091666667;-2,308333333
jul/26;3441;12,71666667;32,55;0,35;28,64166667;16,275
jul/26;3443;6,466666667;4,033333333;0,183333333;8,3;2,016666667
jul/26;3446;0;6,55;2,95;3,275;0,325
jul/26;3466;0;0;13,4;0;-13,4
jul/26;3470;0;0,566666667;13,2;0,283333333;-12,91666667
jul/26;3472;21,875;47,01666667;0;45,38333333;23,50833333
jul/26;3475;0;0;6,866666667;0;-6,866666667
jul/26;3476;0;0,6;10;0,3;-9,7
jul/26;3479;2,51;3,033333333;4,933333333;1,516666667;-0,906666667
jul/26;3480;11,38333333;26,2;3,983333333;20,5;13,1
jul/26;3484;0;2,183333333;4,35;1,091666667;-3,258333333
jul/26;3485;8,55;16,05;0,366666667;16,20833333;8,025
jul/26;3489;0;0;0;0;0
jul/26;3491;0;0,866666667;8,533333333;0,433333333;-8,1
jul/26;3492;1,608333333;4,533333333;9;2,266666667;-5,125
jul/26;3493;6,541666667;17,11666667;15,11666667;8,558333333;-0,016666667
jul/26;3494;0;0,95;5,966666667;0,475;-5,491666667
jul/26;3497;5,475;9,566666667;7,566666667;4,783333333;2,691666667
jul/26;3499;0;0;0,966666667;0;-0,966666667
jul/26;3500;0;0;0;0;0
jul/26;3502;13,36666667;38,16666667;0,3;32,15;19,08333333
jul/26;3504;3,65;5,8;0,4;6,15;2,9
jul/26;3506;0;24,85;15,08333333;12,425;-2,658333333
jul/26;3507;2,408333333;8,766666667;14,85;4,383333333;-8,058333333
jul/26;3508;0;8,483333333;16,48333333;4,241666667;-12,24166667
jul/26;3512;0;1,866666667;6,25;0,933333333;-5,316666667
jul/26;3513;0;0,333333333;9,366666667;0,166666667;-9,2
jul/26;3516;0,1;1,9;0;1,05;0,95
jul/26;3520;0;4,5;2,6;2,25;-0,35
jul/26;3521;0,408333333;6,033333333;13,01666667;3,016666667;-9,591666667
jul/26;3522;0;0,9;7,183333333;0,45;-6,733333333
jul/26;3523;0;2,35;2,933333333;1,175;-1,758333333
jul/26;3525;0;0;0,25;0;-0,25
jul/26;3526;0;1,133333333;6,4;0,566666667;-5,833333333
jul/26;3527;0;11,15;0;5,575;5,575
jul/26;3528;0;10,86666667;15;5,433333333;-9,566666667
jul/26;3529;0;0;3,366666667;0;-3,366666667
jul/26;3530;0;0,916666667;1,716666667;0,458333333;-1,258333333
jul/26;3531;0;0;7,65;0;-7,65
